job_minsal,user_ctc,min_salary_score
"< Rs 50,000 / Yr",Rs 0 / Yr,0.453777073
"< Rs 50,000 / Yr",Rs 1.0 - 1.5 Lakh / Yr,0.130876915
"< Rs 50,000 / Yr",Rs 1.5 - 2.0 Lakh / Yr,0.098917063
"< Rs 50,000 / Yr",Rs 10 - 12 Lakh / Yr,0.003763867
"< Rs 50,000 / Yr",Rs 12 - 14 Lakh / Yr,0.003235605
"< Rs 50,000 / Yr",Rs 14 - 16 Lakh / Yr,0.002047015
"< Rs 50,000 / Yr",Rs 16 - 18 Lakh / Yr,0.00072636
"< Rs 50,000 / Yr",Rs 18 - 20 Lakh / Yr,0.001386688
"< Rs 50,000 / Yr",Rs 2.0 - 2.5 Lakh / Yr,0.13411252
"< Rs 50,000 / Yr",Rs 2.5 - 3.0 Lakh / Yr,0.037242472
"< Rs 50,000 / Yr",Rs 20 - 22 Lakh / Yr,0.000792393
"< Rs 50,000 / Yr",Rs 22 - 24 Lakh / Yr,0.000264131
"< Rs 50,000 / Yr",Rs 24 - 26 Lakh / Yr,0.000792393
"< Rs 50,000 / Yr",Rs 26 - 28 Lakh / Yr,0.000264131
"< Rs 50,000 / Yr",Rs 28 - 30 Lakh / Yr,0.000132066
"< Rs 50,000 / Yr",Rs 3.0 - 3.5 Lakh / Yr,0.05229794
"< Rs 50,000 / Yr",Rs 3.5 - 4.0 Lakh / Yr,0.014857369
"< Rs 50,000 / Yr",Rs 30 - 32 Lakh / Yr,0.000462229
"< Rs 50,000 / Yr",Rs 32 - 34 Lakh / Yr,0.000132066
"< Rs 50,000 / Yr",Rs 34 - 36 Lakh / Yr,6.60E-05
"< Rs 50,000 / Yr",Rs 4.0 - 4.5 Lakh / Yr,0.015385631
"< Rs 50,000 / Yr",Rs 4.5 - 5.0 Lakh / Yr,0.00647121
"< Rs 50,000 / Yr",Rs 40 - 42 Lakh / Yr,0.000264131
"< Rs 50,000 / Yr",Rs 46 - 48 Lakh / Yr,0.000132066
"< Rs 50,000 / Yr",Rs 5 - 6 Lakh / Yr,0.009310618
"< Rs 50,000 / Yr",Rs 50 - 50 Lakh / Yr,0.000528262
"< Rs 50,000 / Yr","Rs 50,000 - 1 Lakh / Yr",0.013734812
"< Rs 50,000 / Yr",Rs 6 - 7 Lakh / Yr,0.006801373
"< Rs 50,000 / Yr",Rs 7 - 8 Lakh / Yr,0.004160063
"< Rs 50,000 / Yr",Rs 8 - 9 Lakh / Yr,0.002377179
"< Rs 50,000 / Yr",Rs 9 - 10 Lakh / Yr,0.001782884
> Rs 50 Lakh / Yr,Rs 0 / Yr,0.170212766
> Rs 50 Lakh / Yr,Rs 10 - 12 Lakh / Yr,0.127659574
> Rs 50 Lakh / Yr,Rs 12 - 14 Lakh / Yr,0.021276596
"< Rs 50,000 / Yr","< Rs 50,000 / Yr",0.002905441
> Rs 50 Lakh / Yr,Rs 16 - 18 Lakh / Yr,0.042553191
> Rs 50 Lakh / Yr,Rs 24 - 26 Lakh / Yr,0.063829787
> Rs 50 Lakh / Yr,Rs 26 - 28 Lakh / Yr,0.063829787
> Rs 50 Lakh / Yr,Rs 3.0 - 3.5 Lakh / Yr,0.085106383
> Rs 50 Lakh / Yr,Rs 34 - 36 Lakh / Yr,0.021276596
> Rs 50 Lakh / Yr,Rs 5 - 6 Lakh / Yr,0.063829787
> Rs 50 Lakh / Yr,Rs 50 - 50 Lakh / Yr,0.106382979
> Rs 50 Lakh / Yr,Rs 6 - 7 Lakh / Yr,0.042553191
> Rs 50 Lakh / Yr,Rs 7 - 8 Lakh / Yr,0.127659574
> Rs 50 Lakh / Yr,Rs 9 - 10 Lakh / Yr,0.063829787
Rs 1.0 - 1.5 Lakh / Yr,"< Rs 50,000 / Yr",0.001355381
Rs 1.0 - 1.5 Lakh / Yr,Rs 0 / Yr,0.277690431
Rs 1.0 - 1.5 Lakh / Yr,Rs 1.0 - 1.5 Lakh / Yr,0.136541068
Rs 1.0 - 1.5 Lakh / Yr,Rs 1.5 - 2.0 Lakh / Yr,0.12708051
Rs 1.0 - 1.5 Lakh / Yr,Rs 10 - 12 Lakh / Yr,0.00295473
Rs 1.0 - 1.5 Lakh / Yr,Rs 12 - 14 Lakh / Yr,0.001789103
Rs 1.0 - 1.5 Lakh / Yr,Rs 14 - 16 Lakh / Yr,0.001599349
Rs 1.0 - 1.5 Lakh / Yr,Rs 16 - 18 Lakh / Yr,0.000379507
Rs 1.0 - 1.5 Lakh / Yr,Rs 18 - 20 Lakh / Yr,0.00067769
Rs 1.0 - 1.5 Lakh / Yr,Rs 2.0 - 2.5 Lakh / Yr,0.215641095
Rs 1.0 - 1.5 Lakh / Yr,Rs 2.5 - 3.0 Lakh / Yr,0.060206018
Rs 1.0 - 1.5 Lakh / Yr,Rs 20 - 22 Lakh / Yr,0.000298184
Rs 1.0 - 1.5 Lakh / Yr,Rs 22 - 24 Lakh / Yr,0.000243969
Rs 1.0 - 1.5 Lakh / Yr,Rs 24 - 26 Lakh / Yr,0.000271076
Rs 1.0 - 1.5 Lakh / Yr,Rs 26 - 28 Lakh / Yr,8.13E-05
Rs 1.0 - 1.5 Lakh / Yr,Rs 28 - 30 Lakh / Yr,0.000243969
Rs 1.0 - 1.5 Lakh / Yr,Rs 3.0 - 3.5 Lakh / Yr,0.079831933
Rs 1.0 - 1.5 Lakh / Yr,Rs 3.5 - 4.0 Lakh / Yr,0.027975061
Rs 1.0 - 1.5 Lakh / Yr,Rs 30 - 32 Lakh / Yr,8.13E-05
Rs 1.0 - 1.5 Lakh / Yr,Rs 34 - 36 Lakh / Yr,2.71E-05
Rs 1.0 - 1.5 Lakh / Yr,Rs 36 - 38 Lakh / Yr,2.71E-05
Rs 1.0 - 1.5 Lakh / Yr,Rs 4.0 - 4.5 Lakh / Yr,0.021713201
Rs 1.0 - 1.5 Lakh / Yr,Rs 4.5 - 5.0 Lakh / Yr,0.007698563
Rs 1.0 - 1.5 Lakh / Yr,Rs 40 - 42 Lakh / Yr,0.000135538
Rs 1.0 - 1.5 Lakh / Yr,Rs 42 - 44 Lakh / Yr,5.42E-05
Rs 1.0 - 1.5 Lakh / Yr,Rs 46 - 48 Lakh / Yr,5.42E-05
Rs 1.0 - 1.5 Lakh / Yr,Rs 48 - 50 Lakh / Yr,2.71E-05
Rs 1.0 - 1.5 Lakh / Yr,Rs 5 - 6 Lakh / Yr,0.011818921
Rs 1.0 - 1.5 Lakh / Yr,Rs 50 - 50 Lakh / Yr,0.000840336
Rs 1.0 - 1.5 Lakh / Yr,"Rs 50,000 - 1 Lakh / Yr",0.008620222
Rs 1.0 - 1.5 Lakh / Yr,Rs 6 - 7 Lakh / Yr,0.006641366
Rs 1.0 - 1.5 Lakh / Yr,Rs 7 - 8 Lakh / Yr,0.00352399
Rs 1.0 - 1.5 Lakh / Yr,Rs 8 - 9 Lakh / Yr,0.002412578
Rs 1.0 - 1.5 Lakh / Yr,Rs 9 - 10 Lakh / Yr,0.001463811
Rs 1.5 - 2.0 Lakh / Yr,"< Rs 50,000 / Yr",0.001282131
Rs 1.5 - 2.0 Lakh / Yr,Rs 0 / Yr,0.257020452
Rs 1.5 - 2.0 Lakh / Yr,Rs 1.0 - 1.5 Lakh / Yr,0.07967978
Rs 1.5 - 2.0 Lakh / Yr,Rs 1.5 - 2.0 Lakh / Yr,0.139721058
Rs 1.5 - 2.0 Lakh / Yr,Rs 10 - 12 Lakh / Yr,0.002845706
Rs 1.5 - 2.0 Lakh / Yr,Rs 12 - 14 Lakh / Yr,0.001657389
Rs 1.5 - 2.0 Lakh / Yr,Rs 14 - 16 Lakh / Yr,0.002126462
Rs 1.5 - 2.0 Lakh / Yr,Rs 16 - 18 Lakh / Yr,0.000250172
Rs 1.5 - 2.0 Lakh / Yr,Rs 18 - 20 Lakh / Yr,0.000687973
Rs 1.5 - 2.0 Lakh / Yr,Rs 2.0 - 2.5 Lakh / Yr,0.213240353
Rs 1.5 - 2.0 Lakh / Yr,Rs 2.5 - 3.0 Lakh / Yr,0.080117581
Rs 1.5 - 2.0 Lakh / Yr,Rs 20 - 22 Lakh / Yr,0.000531615
Rs 1.5 - 2.0 Lakh / Yr,Rs 22 - 24 Lakh / Yr,0.0002189
Rs 1.5 - 2.0 Lakh / Yr,Rs 24 - 26 Lakh / Yr,0.000343986
Rs 1.5 - 2.0 Lakh / Yr,Rs 26 - 28 Lakh / Yr,3.13E-05
Rs 1.5 - 2.0 Lakh / Yr,Rs 28 - 30 Lakh / Yr,0.000125086
Rs 1.5 - 2.0 Lakh / Yr,Rs 3.0 - 3.5 Lakh / Yr,0.107792858
Rs 1.5 - 2.0 Lakh / Yr,Rs 3.5 - 4.0 Lakh / Yr,0.037713428
Rs 1.5 - 2.0 Lakh / Yr,Rs 30 - 32 Lakh / Yr,0.000281443
Rs 1.5 - 2.0 Lakh / Yr,Rs 32 - 34 Lakh / Yr,6.25E-05
Rs 1.5 - 2.0 Lakh / Yr,Rs 34 - 36 Lakh / Yr,6.25E-05
Rs 1.5 - 2.0 Lakh / Yr,Rs 36 - 38 Lakh / Yr,0.000125086
Rs 1.5 - 2.0 Lakh / Yr,Rs 4.0 - 4.5 Lakh / Yr,0.028425793
Rs 1.5 - 2.0 Lakh / Yr,Rs 4.5 - 5.0 Lakh / Yr,0.00960035
Rs 1.5 - 2.0 Lakh / Yr,Rs 40 - 42 Lakh / Yr,3.13E-05
Rs 1.5 - 2.0 Lakh / Yr,Rs 42 - 44 Lakh / Yr,9.38E-05
Rs 1.5 - 2.0 Lakh / Yr,Rs 46 - 48 Lakh / Yr,3.13E-05
Rs 1.5 - 2.0 Lakh / Yr,Rs 48 - 50 Lakh / Yr,0.000156357
Rs 1.5 - 2.0 Lakh / Yr,Rs 5 - 6 Lakh / Yr,0.013947089
Rs 1.5 - 2.0 Lakh / Yr,Rs 50 - 50 Lakh / Yr,0.000500344
Rs 1.5 - 2.0 Lakh / Yr,"Rs 50,000 - 1 Lakh / Yr",0.005753956
Rs 1.5 - 2.0 Lakh / Yr,Rs 6 - 7 Lakh / Yr,0.008099318
Rs 1.5 - 2.0 Lakh / Yr,Rs 7 - 8 Lakh / Yr,0.003471136
Rs 1.5 - 2.0 Lakh / Yr,Rs 75 Lakh - 1 Crore / Yr,3.13E-05
Rs 1.5 - 2.0 Lakh / Yr,Rs 8 - 9 Lakh / Yr,0.002376634
Rs 1.5 - 2.0 Lakh / Yr,Rs 9 - 10 Lakh / Yr,0.001563575
Rs 10 - 12 Lakh / Yr,"< Rs 50,000 / Yr",0.000846024
Rs 10 - 12 Lakh / Yr,Rs 0 / Yr,0.098138748
Rs 10 - 12 Lakh / Yr,Rs 1.0 - 1.5 Lakh / Yr,0.02284264
Rs 10 - 12 Lakh / Yr,Rs 1.5 - 2.0 Lakh / Yr,0.019458545
Rs 10 - 12 Lakh / Yr,Rs 10 - 12 Lakh / Yr,0.114213198
Rs 10 - 12 Lakh / Yr,Rs 12 - 14 Lakh / Yr,0.090524535
Rs 10 - 12 Lakh / Yr,Rs 14 - 16 Lakh / Yr,0.060067682
Rs 10 - 12 Lakh / Yr,Rs 16 - 18 Lakh / Yr,0.02284264
Rs 10 - 12 Lakh / Yr,Rs 18 - 20 Lakh / Yr,0.020304569
Rs 10 - 12 Lakh / Yr,Rs 2.0 - 2.5 Lakh / Yr,0.045685279
Rs 10 - 12 Lakh / Yr,Rs 2.5 - 3.0 Lakh / Yr,0.019458545
Rs 10 - 12 Lakh / Yr,Rs 20 - 22 Lakh / Yr,0.017766497
Rs 10 - 12 Lakh / Yr,Rs 22 - 24 Lakh / Yr,0.002538071
Rs 10 - 12 Lakh / Yr,Rs 24 - 26 Lakh / Yr,0.013536379
Rs 10 - 12 Lakh / Yr,Rs 26 - 28 Lakh / Yr,0.001692047
Rs 10 - 12 Lakh / Yr,Rs 28 - 30 Lakh / Yr,0.003384095
Rs 10 - 12 Lakh / Yr,Rs 3.0 - 3.5 Lakh / Yr,0.044839255
Rs 10 - 12 Lakh / Yr,Rs 3.5 - 4.0 Lakh / Yr,0.028764805
Rs 10 - 12 Lakh / Yr,Rs 30 - 32 Lakh / Yr,0.00676819
Rs 10 - 12 Lakh / Yr,Rs 34 - 36 Lakh / Yr,0.000846024
Rs 10 - 12 Lakh / Yr,Rs 38 - 40 Lakh / Yr,0.000846024
Rs 10 - 12 Lakh / Yr,Rs 4.0 - 4.5 Lakh / Yr,0.039763113
Rs 10 - 12 Lakh / Yr,Rs 4.5 - 5.0 Lakh / Yr,0.033840948
Rs 10 - 12 Lakh / Yr,Rs 40 - 42 Lakh / Yr,0.001692047
Rs 10 - 12 Lakh / Yr,Rs 44 - 46 Lakh / Yr,0.000846024
Rs 10 - 12 Lakh / Yr,Rs 48 - 50 Lakh / Yr,0.000846024
Rs 10 - 12 Lakh / Yr,Rs 5 - 6 Lakh / Yr,0.053299492
Rs 10 - 12 Lakh / Yr,Rs 50 - 50 Lakh / Yr,0.007614213
Rs 10 - 12 Lakh / Yr,"Rs 50,000 - 1 Lakh / Yr",0.003384095
Rs 10 - 12 Lakh / Yr,Rs 6 - 7 Lakh / Yr,0.08037225
Rs 10 - 12 Lakh / Yr,Rs 7 - 8 Lakh / Yr,0.050761421
Rs 10 - 12 Lakh / Yr,Rs 8 - 9 Lakh / Yr,0.044839255
Rs 10 - 12 Lakh / Yr,Rs 9 - 10 Lakh / Yr,0.047377327
Rs 12 - 14 Lakh / Yr,"< Rs 50,000 / Yr",0.001686341
Rs 12 - 14 Lakh / Yr,Rs 0 / Yr,0.053962901
Rs 12 - 14 Lakh / Yr,Rs 1.0 - 1.5 Lakh / Yr,0.008431703
Rs 12 - 14 Lakh / Yr,Rs 1.5 - 2.0 Lakh / Yr,0.010118044
Rs 12 - 14 Lakh / Yr,Rs 10 - 12 Lakh / Yr,0.084317032
Rs 12 - 14 Lakh / Yr,Rs 12 - 14 Lakh / Yr,0.13153457
Rs 12 - 14 Lakh / Yr,Rs 14 - 16 Lakh / Yr,0.119730185
Rs 12 - 14 Lakh / Yr,Rs 16 - 18 Lakh / Yr,0.047217538
Rs 12 - 14 Lakh / Yr,Rs 18 - 20 Lakh / Yr,0.033726813
Rs 12 - 14 Lakh / Yr,Rs 2.0 - 2.5 Lakh / Yr,0.02698145
Rs 12 - 14 Lakh / Yr,Rs 2.5 - 3.0 Lakh / Yr,0.013490725
Rs 12 - 14 Lakh / Yr,Rs 20 - 22 Lakh / Yr,0.013490725
Rs 12 - 14 Lakh / Yr,Rs 22 - 24 Lakh / Yr,0.010118044
Rs 12 - 14 Lakh / Yr,Rs 24 - 26 Lakh / Yr,0.015177066
Rs 12 - 14 Lakh / Yr,Rs 26 - 28 Lakh / Yr,0.006745363
Rs 12 - 14 Lakh / Yr,Rs 28 - 30 Lakh / Yr,0.005059022
Rs 12 - 14 Lakh / Yr,Rs 3.0 - 3.5 Lakh / Yr,0.048903879
Rs 12 - 14 Lakh / Yr,Rs 3.5 - 4.0 Lakh / Yr,0.018549747
Rs 12 - 14 Lakh / Yr,Rs 30 - 32 Lakh / Yr,0.001686341
Rs 12 - 14 Lakh / Yr,Rs 32 - 34 Lakh / Yr,0.001686341
Rs 12 - 14 Lakh / Yr,Rs 34 - 36 Lakh / Yr,0.003372681
Rs 12 - 14 Lakh / Yr,Rs 4.0 - 4.5 Lakh / Yr,0.023608769
Rs 12 - 14 Lakh / Yr,Rs 4.5 - 5.0 Lakh / Yr,0.016863406
Rs 12 - 14 Lakh / Yr,Rs 42 - 44 Lakh / Yr,0.003372681
Rs 12 - 14 Lakh / Yr,Rs 48 - 50 Lakh / Yr,0.001686341
Rs 12 - 14 Lakh / Yr,Rs 5 - 6 Lakh / Yr,0.062394604
Rs 12 - 14 Lakh / Yr,Rs 50 - 50 Lakh / Yr,0.005059022
Rs 12 - 14 Lakh / Yr,"Rs 50,000 - 1 Lakh / Yr",0.005059022
Rs 12 - 14 Lakh / Yr,Rs 6 - 7 Lakh / Yr,0.05227656
Rs 12 - 14 Lakh / Yr,Rs 7 - 8 Lakh / Yr,0.060708263
Rs 12 - 14 Lakh / Yr,Rs 8 - 9 Lakh / Yr,0.059021922
Rs 12 - 14 Lakh / Yr,Rs 9 - 10 Lakh / Yr,0.053962901
Rs 14 - 16 Lakh / Yr,Rs 0 / Yr,0.067375887
Rs 14 - 16 Lakh / Yr,Rs 1.0 - 1.5 Lakh / Yr,0.010638298
Rs 14 - 16 Lakh / Yr,Rs 1.5 - 2.0 Lakh / Yr,0.010638298
Rs 14 - 16 Lakh / Yr,Rs 10 - 12 Lakh / Yr,0.085106383
Rs 14 - 16 Lakh / Yr,Rs 12 - 14 Lakh / Yr,0.04964539
Rs 14 - 16 Lakh / Yr,Rs 14 - 16 Lakh / Yr,0.138297872
Rs 14 - 16 Lakh / Yr,Rs 16 - 18 Lakh / Yr,0.070921986
Rs 14 - 16 Lakh / Yr,Rs 18 - 20 Lakh / Yr,0.074468085
Rs 14 - 16 Lakh / Yr,Rs 2.0 - 2.5 Lakh / Yr,0.014184397
Rs 14 - 16 Lakh / Yr,Rs 2.5 - 3.0 Lakh / Yr,0.021276596
Rs 14 - 16 Lakh / Yr,Rs 20 - 22 Lakh / Yr,0.046099291
Rs 14 - 16 Lakh / Yr,Rs 22 - 24 Lakh / Yr,0.021276596
Rs 14 - 16 Lakh / Yr,Rs 24 - 26 Lakh / Yr,0.031914894
Rs 14 - 16 Lakh / Yr,Rs 26 - 28 Lakh / Yr,0.007092199
Rs 14 - 16 Lakh / Yr,Rs 28 - 30 Lakh / Yr,0.007092199
Rs 14 - 16 Lakh / Yr,Rs 3.0 - 3.5 Lakh / Yr,0.042553191
Rs 14 - 16 Lakh / Yr,Rs 3.5 - 4.0 Lakh / Yr,0.031914894
Rs 14 - 16 Lakh / Yr,Rs 34 - 36 Lakh / Yr,0.003546099
Rs 14 - 16 Lakh / Yr,Rs 36 - 38 Lakh / Yr,0.003546099
Rs 14 - 16 Lakh / Yr,Rs 4.0 - 4.5 Lakh / Yr,0.056737589
Rs 14 - 16 Lakh / Yr,Rs 4.5 - 5.0 Lakh / Yr,0.028368794
Rs 14 - 16 Lakh / Yr,Rs 40 - 42 Lakh / Yr,0.003546099
Rs 14 - 16 Lakh / Yr,Rs 5 - 6 Lakh / Yr,0.035460993
Rs 14 - 16 Lakh / Yr,Rs 50 - 50 Lakh / Yr,0.003546099
Rs 14 - 16 Lakh / Yr,Rs 6 - 7 Lakh / Yr,0.04964539
Rs 14 - 16 Lakh / Yr,Rs 7 - 8 Lakh / Yr,0.028368794
Rs 14 - 16 Lakh / Yr,Rs 8 - 9 Lakh / Yr,0.017730496
Rs 14 - 16 Lakh / Yr,Rs 9 - 10 Lakh / Yr,0.039007092
Rs 16 - 18 Lakh / Yr,Rs 0 / Yr,0.044217687
Rs 16 - 18 Lakh / Yr,Rs 1.0 - 1.5 Lakh / Yr,0.020408163
Rs 16 - 18 Lakh / Yr,Rs 1.5 - 2.0 Lakh / Yr,0.023809524
Rs 16 - 18 Lakh / Yr,Rs 10 - 12 Lakh / Yr,0.030612245
Rs 16 - 18 Lakh / Yr,Rs 12 - 14 Lakh / Yr,0.088435374
Rs 16 - 18 Lakh / Yr,Rs 14 - 16 Lakh / Yr,0.068027211
Rs 16 - 18 Lakh / Yr,Rs 16 - 18 Lakh / Yr,0.051020408
Rs 16 - 18 Lakh / Yr,Rs 18 - 20 Lakh / Yr,0.047619048
Rs 16 - 18 Lakh / Yr,Rs 2.0 - 2.5 Lakh / Yr,0.054421769
Rs 16 - 18 Lakh / Yr,Rs 2.5 - 3.0 Lakh / Yr,0.017006803
Rs 16 - 18 Lakh / Yr,Rs 20 - 22 Lakh / Yr,0.027210884
Rs 16 - 18 Lakh / Yr,Rs 22 - 24 Lakh / Yr,0.044217687
Rs 16 - 18 Lakh / Yr,Rs 24 - 26 Lakh / Yr,0.051020408
Rs 16 - 18 Lakh / Yr,Rs 26 - 28 Lakh / Yr,0.006802721
Rs 16 - 18 Lakh / Yr,Rs 28 - 30 Lakh / Yr,0.006802721
Rs 16 - 18 Lakh / Yr,Rs 3.0 - 3.5 Lakh / Yr,0.078231293
Rs 16 - 18 Lakh / Yr,Rs 3.5 - 4.0 Lakh / Yr,0.044217687
Rs 16 - 18 Lakh / Yr,Rs 30 - 32 Lakh / Yr,0.010204082
Rs 16 - 18 Lakh / Yr,Rs 32 - 34 Lakh / Yr,0.003401361
Rs 16 - 18 Lakh / Yr,Rs 34 - 36 Lakh / Yr,0.006802721
Rs 16 - 18 Lakh / Yr,Rs 36 - 38 Lakh / Yr,0.003401361
Rs 16 - 18 Lakh / Yr,Rs 4.0 - 4.5 Lakh / Yr,0.040816327
Rs 16 - 18 Lakh / Yr,Rs 4.5 - 5.0 Lakh / Yr,0.020408163
Rs 16 - 18 Lakh / Yr,Rs 42 - 44 Lakh / Yr,0.006802721
Rs 16 - 18 Lakh / Yr,Rs 48 - 50 Lakh / Yr,0.003401361
Rs 16 - 18 Lakh / Yr,Rs 5 - 6 Lakh / Yr,0.040816327
Rs 16 - 18 Lakh / Yr,Rs 50 - 50 Lakh / Yr,0.006802721
Rs 16 - 18 Lakh / Yr,"Rs 50,000 - 1 Lakh / Yr",0.003401361
Rs 16 - 18 Lakh / Yr,Rs 6 - 7 Lakh / Yr,0.057823129
Rs 16 - 18 Lakh / Yr,Rs 7 - 8 Lakh / Yr,0.030612245
Rs 16 - 18 Lakh / Yr,Rs 8 - 9 Lakh / Yr,0.034013605
Rs 16 - 18 Lakh / Yr,Rs 9 - 10 Lakh / Yr,0.027210884
Rs 18 - 20 Lakh / Yr,Rs 0 / Yr,0.050505051
Rs 18 - 20 Lakh / Yr,Rs 1.0 - 1.5 Lakh / Yr,0.008080808
Rs 18 - 20 Lakh / Yr,Rs 1.5 - 2.0 Lakh / Yr,0.004040404
Rs 18 - 20 Lakh / Yr,Rs 10 - 12 Lakh / Yr,0.068686869
Rs 18 - 20 Lakh / Yr,Rs 12 - 14 Lakh / Yr,0.072727273
Rs 18 - 20 Lakh / Yr,Rs 14 - 16 Lakh / Yr,0.054545455
Rs 18 - 20 Lakh / Yr,Rs 16 - 18 Lakh / Yr,0.034343434
Rs 18 - 20 Lakh / Yr,Rs 18 - 20 Lakh / Yr,0.086868687
Rs 18 - 20 Lakh / Yr,Rs 2.0 - 2.5 Lakh / Yr,0.026262626
Rs 18 - 20 Lakh / Yr,Rs 2.5 - 3.0 Lakh / Yr,0.006060606
Rs 18 - 20 Lakh / Yr,Rs 20 - 22 Lakh / Yr,0.048484848
Rs 18 - 20 Lakh / Yr,Rs 22 - 24 Lakh / Yr,0.03030303
Rs 18 - 20 Lakh / Yr,Rs 24 - 26 Lakh / Yr,0.068686869
Rs 18 - 20 Lakh / Yr,Rs 26 - 28 Lakh / Yr,0.02020202
Rs 18 - 20 Lakh / Yr,Rs 28 - 30 Lakh / Yr,0.002020202
Rs 18 - 20 Lakh / Yr,Rs 3.0 - 3.5 Lakh / Yr,0.022222222
Rs 18 - 20 Lakh / Yr,Rs 3.5 - 4.0 Lakh / Yr,0.016161616
Rs 18 - 20 Lakh / Yr,Rs 30 - 32 Lakh / Yr,0.050505051
Rs 18 - 20 Lakh / Yr,Rs 32 - 34 Lakh / Yr,0.006060606
Rs 18 - 20 Lakh / Yr,Rs 34 - 36 Lakh / Yr,0.012121212
Rs 18 - 20 Lakh / Yr,Rs 36 - 38 Lakh / Yr,0.006060606
Rs 18 - 20 Lakh / Yr,Rs 38 - 40 Lakh / Yr,0.006060606
Rs 18 - 20 Lakh / Yr,Rs 4.0 - 4.5 Lakh / Yr,0.032323232
Rs 18 - 20 Lakh / Yr,Rs 4.5 - 5.0 Lakh / Yr,0.014141414
Rs 18 - 20 Lakh / Yr,Rs 40 - 42 Lakh / Yr,0.006060606
Rs 18 - 20 Lakh / Yr,Rs 42 - 44 Lakh / Yr,0.004040404
Rs 18 - 20 Lakh / Yr,Rs 44 - 46 Lakh / Yr,0.002020202
Rs 18 - 20 Lakh / Yr,Rs 46 - 48 Lakh / Yr,0.004040404
Rs 18 - 20 Lakh / Yr,Rs 48 - 50 Lakh / Yr,0.006060606
Rs 18 - 20 Lakh / Yr,Rs 5 - 6 Lakh / Yr,0.050505051
Rs 18 - 20 Lakh / Yr,Rs 50 - 50 Lakh / Yr,0.048484848
Rs 18 - 20 Lakh / Yr,"Rs 50,000 - 1 Lakh / Yr",0.002020202
Rs 18 - 20 Lakh / Yr,Rs 6 - 7 Lakh / Yr,0.044444444
Rs 18 - 20 Lakh / Yr,Rs 7 - 8 Lakh / Yr,0.026262626
Rs 18 - 20 Lakh / Yr,Rs 8 - 9 Lakh / Yr,0.028282828
Rs 18 - 20 Lakh / Yr,Rs 9 - 10 Lakh / Yr,0.03030303
Rs 2.0 - 2.5 Lakh / Yr,"< Rs 50,000 / Yr",0.003108895
Rs 2.0 - 2.5 Lakh / Yr,Rs 0 / Yr,0.29396791
Rs 2.0 - 2.5 Lakh / Yr,Rs 1.0 - 1.5 Lakh / Yr,0.116969558
Rs 2.0 - 2.5 Lakh / Yr,Rs 1.5 - 2.0 Lakh / Yr,0.076011434
Rs 2.0 - 2.5 Lakh / Yr,Rs 10 - 12 Lakh / Yr,0.006030004
Rs 2.0 - 2.5 Lakh / Yr,Rs 12 - 14 Lakh / Yr,0.003275815
Rs 2.0 - 2.5 Lakh / Yr,Rs 14 - 16 Lakh / Yr,0.002336887
Rs 2.0 - 2.5 Lakh / Yr,Rs 16 - 18 Lakh / Yr,0.000918063
Rs 2.0 - 2.5 Lakh / Yr,Rs 18 - 20 Lakh / Yr,0.001001523
Rs 2.0 - 2.5 Lakh / Yr,Rs 2.0 - 2.5 Lakh / Yr,0.171239594
Rs 2.0 - 2.5 Lakh / Yr,Rs 2.5 - 3.0 Lakh / Yr,0.061468483
Rs 2.0 - 2.5 Lakh / Yr,Rs 20 - 22 Lakh / Yr,0.001064118
Rs 2.0 - 2.5 Lakh / Yr,Rs 22 - 24 Lakh / Yr,0.000229516
Rs 2.0 - 2.5 Lakh / Yr,Rs 24 - 26 Lakh / Yr,0.000605087
Rs 2.0 - 2.5 Lakh / Yr,Rs 26 - 28 Lakh / Yr,8.35E-05
Rs 2.0 - 2.5 Lakh / Yr,Rs 28 - 30 Lakh / Yr,0.00012519
Rs 2.0 - 2.5 Lakh / Yr,Rs 3.0 - 3.5 Lakh / Yr,0.104763494
Rs 2.0 - 2.5 Lakh / Yr,Rs 3.5 - 4.0 Lakh / Yr,0.042982035
Rs 2.0 - 2.5 Lakh / Yr,Rs 30 - 32 Lakh / Yr,0.000396436
Rs 2.0 - 2.5 Lakh / Yr,Rs 32 - 34 Lakh / Yr,4.17E-05
Rs 2.0 - 2.5 Lakh / Yr,Rs 34 - 36 Lakh / Yr,0.000354706
Rs 2.0 - 2.5 Lakh / Yr,Rs 36 - 38 Lakh / Yr,0.00012519
Rs 2.0 - 2.5 Lakh / Yr,Rs 38 - 40 Lakh / Yr,4.17E-05
Rs 2.0 - 2.5 Lakh / Yr,Rs 4.0 - 4.5 Lakh / Yr,0.038767292
Rs 2.0 - 2.5 Lakh / Yr,Rs 4.5 - 5.0 Lakh / Yr,0.015231498
Rs 2.0 - 2.5 Lakh / Yr,Rs 40 - 42 Lakh / Yr,8.35E-05
Rs 2.0 - 2.5 Lakh / Yr,Rs 44 - 46 Lakh / Yr,4.17E-05
Rs 2.0 - 2.5 Lakh / Yr,Rs 46 - 48 Lakh / Yr,4.17E-05
Rs 2.0 - 2.5 Lakh / Yr,Rs 48 - 50 Lakh / Yr,8.35E-05
Rs 2.0 - 2.5 Lakh / Yr,Rs 5 - 6 Lakh / Yr,0.018611639
Rs 2.0 - 2.5 Lakh / Yr,Rs 50 - 50 Lakh / Yr,0.001189309
Rs 2.0 - 2.5 Lakh / Yr,"Rs 50,000 - 1 Lakh / Yr",0.015356688
Rs 2.0 - 2.5 Lakh / Yr,Rs 6 - 7 Lakh / Yr,0.009869176
Rs 2.0 - 2.5 Lakh / Yr,Rs 7 - 8 Lakh / Yr,0.005863083
Rs 2.0 - 2.5 Lakh / Yr,Rs 8 - 9 Lakh / Yr,0.00490329
Rs 2.0 - 2.5 Lakh / Yr,Rs 9 - 10 Lakh / Yr,0.002816784
Rs 2.5 - 3.0 Lakh / Yr,"< Rs 50,000 / Yr",0.000789751
Rs 2.5 - 3.0 Lakh / Yr,Rs 0 / Yr,0.183222183
Rs 2.5 - 3.0 Lakh / Yr,Rs 1.0 - 1.5 Lakh / Yr,0.061951562
Rs 2.5 - 3.0 Lakh / Yr,Rs 1.5 - 2.0 Lakh / Yr,0.063531064
Rs 2.5 - 3.0 Lakh / Yr,Rs 10 - 12 Lakh / Yr,0.006756757
Rs 2.5 - 3.0 Lakh / Yr,Rs 12 - 14 Lakh / Yr,0.004914005
Rs 2.5 - 3.0 Lakh / Yr,Rs 14 - 16 Lakh / Yr,0.003159003
Rs 2.5 - 3.0 Lakh / Yr,Rs 16 - 18 Lakh / Yr,0.000702001
Rs 2.5 - 3.0 Lakh / Yr,Rs 18 - 20 Lakh / Yr,0.001755002
Rs 2.5 - 3.0 Lakh / Yr,Rs 2.0 - 2.5 Lakh / Yr,0.135222885
Rs 2.5 - 3.0 Lakh / Yr,Rs 2.5 - 3.0 Lakh / Yr,0.113022113
Rs 2.5 - 3.0 Lakh / Yr,Rs 20 - 22 Lakh / Yr,0.001404001
Rs 2.5 - 3.0 Lakh / Yr,Rs 22 - 24 Lakh / Yr,0.0001755
Rs 2.5 - 3.0 Lakh / Yr,Rs 24 - 26 Lakh / Yr,0.000614251
Rs 2.5 - 3.0 Lakh / Yr,Rs 26 - 28 Lakh / Yr,0.00026325
Rs 2.5 - 3.0 Lakh / Yr,Rs 28 - 30 Lakh / Yr,0.000526501
Rs 2.5 - 3.0 Lakh / Yr,Rs 3.0 - 3.5 Lakh / Yr,0.164443664
Rs 2.5 - 3.0 Lakh / Yr,Rs 3.5 - 4.0 Lakh / Yr,0.074499824
Rs 2.5 - 3.0 Lakh / Yr,Rs 30 - 32 Lakh / Yr,0.000789751
Rs 2.5 - 3.0 Lakh / Yr,Rs 34 - 36 Lakh / Yr,0.00026325
Rs 2.5 - 3.0 Lakh / Yr,Rs 4.0 - 4.5 Lakh / Yr,0.063882064
Rs 2.5 - 3.0 Lakh / Yr,Rs 4.5 - 5.0 Lakh / Yr,0.025886276
Rs 2.5 - 3.0 Lakh / Yr,Rs 40 - 42 Lakh / Yr,0.00026325
Rs 2.5 - 3.0 Lakh / Yr,Rs 44 - 46 Lakh / Yr,8.78E-05
Rs 2.5 - 3.0 Lakh / Yr,Rs 48 - 50 Lakh / Yr,8.78E-05
Rs 2.5 - 3.0 Lakh / Yr,Rs 5 - 6 Lakh / Yr,0.038610039
Rs 2.5 - 3.0 Lakh / Yr,Rs 50 - 50 Lakh / Yr,0.000877501
Rs 2.5 - 3.0 Lakh / Yr,"Rs 50,000 - 1 Lakh / Yr",0.006230256
Rs 2.5 - 3.0 Lakh / Yr,Rs 6 - 7 Lakh / Yr,0.022815023
Rs 2.5 - 3.0 Lakh / Yr,Rs 7 - 8 Lakh / Yr,0.00982801
Rs 2.5 - 3.0 Lakh / Yr,Rs 8 - 9 Lakh / Yr,0.008511759
Rs 2.5 - 3.0 Lakh / Yr,Rs 9 - 10 Lakh / Yr,0.004914005
Rs 20 - 22 Lakh / Yr,Rs 0 / Yr,0.079452055
Rs 20 - 22 Lakh / Yr,Rs 1.0 - 1.5 Lakh / Yr,0.019178082
Rs 20 - 22 Lakh / Yr,Rs 1.5 - 2.0 Lakh / Yr,0.008219178
Rs 20 - 22 Lakh / Yr,Rs 10 - 12 Lakh / Yr,0.04109589
Rs 20 - 22 Lakh / Yr,Rs 12 - 14 Lakh / Yr,0.087671233
Rs 20 - 22 Lakh / Yr,Rs 14 - 16 Lakh / Yr,0.090410959
Rs 20 - 22 Lakh / Yr,Rs 16 - 18 Lakh / Yr,0.043835616
Rs 20 - 22 Lakh / Yr,Rs 18 - 20 Lakh / Yr,0.073972603
Rs 20 - 22 Lakh / Yr,Rs 2.0 - 2.5 Lakh / Yr,0.046575342
Rs 20 - 22 Lakh / Yr,Rs 2.5 - 3.0 Lakh / Yr,0.024657534
Rs 20 - 22 Lakh / Yr,Rs 20 - 22 Lakh / Yr,0.054794521
Rs 20 - 22 Lakh / Yr,Rs 22 - 24 Lakh / Yr,0.038356164
Rs 20 - 22 Lakh / Yr,Rs 24 - 26 Lakh / Yr,0.082191781
Rs 20 - 22 Lakh / Yr,Rs 26 - 28 Lakh / Yr,0.01369863
Rs 20 - 22 Lakh / Yr,Rs 28 - 30 Lakh / Yr,0.010958904
Rs 20 - 22 Lakh / Yr,Rs 3.0 - 3.5 Lakh / Yr,0.024657534
Rs 20 - 22 Lakh / Yr,Rs 3.5 - 4.0 Lakh / Yr,0.035616438
Rs 20 - 22 Lakh / Yr,Rs 30 - 32 Lakh / Yr,0.019178082
Rs 20 - 22 Lakh / Yr,Rs 34 - 36 Lakh / Yr,0.010958904
Rs 20 - 22 Lakh / Yr,Rs 36 - 38 Lakh / Yr,0.002739726
Rs 20 - 22 Lakh / Yr,Rs 38 - 40 Lakh / Yr,0.010958904
Rs 20 - 22 Lakh / Yr,Rs 4.0 - 4.5 Lakh / Yr,0.030136986
Rs 20 - 22 Lakh / Yr,Rs 4.5 - 5.0 Lakh / Yr,0.019178082
Rs 20 - 22 Lakh / Yr,Rs 40 - 42 Lakh / Yr,0.005479452
Rs 20 - 22 Lakh / Yr,Rs 48 - 50 Lakh / Yr,0.002739726
Rs 20 - 22 Lakh / Yr,Rs 5 - 6 Lakh / Yr,0.02739726
Rs 20 - 22 Lakh / Yr,Rs 50 - 50 Lakh / Yr,0.005479452
Rs 20 - 22 Lakh / Yr,"Rs 50,000 - 1 Lakh / Yr",0.008219178
Rs 20 - 22 Lakh / Yr,Rs 6 - 7 Lakh / Yr,0.019178082
Rs 20 - 22 Lakh / Yr,Rs 7 - 8 Lakh / Yr,0.032876712
Rs 20 - 22 Lakh / Yr,Rs 8 - 9 Lakh / Yr,0.016438356
Rs 20 - 22 Lakh / Yr,Rs 9 - 10 Lakh / Yr,0.01369863
Rs 22 - 24 Lakh / Yr,Rs 0 / Yr,0.110655738
Rs 22 - 24 Lakh / Yr,Rs 1.0 - 1.5 Lakh / Yr,0.069672131
Rs 22 - 24 Lakh / Yr,Rs 1.5 - 2.0 Lakh / Yr,0.028688525
Rs 22 - 24 Lakh / Yr,Rs 10 - 12 Lakh / Yr,0.045081967
Rs 22 - 24 Lakh / Yr,Rs 12 - 14 Lakh / Yr,0.045081967
Rs 22 - 24 Lakh / Yr,Rs 14 - 16 Lakh / Yr,0.045081967
Rs 22 - 24 Lakh / Yr,Rs 16 - 18 Lakh / Yr,0.032786885
Rs 22 - 24 Lakh / Yr,Rs 18 - 20 Lakh / Yr,0.040983607
Rs 22 - 24 Lakh / Yr,Rs 2.0 - 2.5 Lakh / Yr,0.057377049
Rs 22 - 24 Lakh / Yr,Rs 2.5 - 3.0 Lakh / Yr,0.032786885
Rs 22 - 24 Lakh / Yr,Rs 20 - 22 Lakh / Yr,0.049180328
Rs 22 - 24 Lakh / Yr,Rs 22 - 24 Lakh / Yr,0.053278689
Rs 22 - 24 Lakh / Yr,Rs 24 - 26 Lakh / Yr,0.073770492
Rs 22 - 24 Lakh / Yr,Rs 26 - 28 Lakh / Yr,0.032786885
Rs 22 - 24 Lakh / Yr,Rs 28 - 30 Lakh / Yr,0.020491803
Rs 22 - 24 Lakh / Yr,Rs 3.0 - 3.5 Lakh / Yr,0.020491803
Rs 22 - 24 Lakh / Yr,Rs 3.5 - 4.0 Lakh / Yr,0.024590164
Rs 22 - 24 Lakh / Yr,Rs 30 - 32 Lakh / Yr,0.020491803
Rs 22 - 24 Lakh / Yr,Rs 32 - 34 Lakh / Yr,0.032786885
Rs 22 - 24 Lakh / Yr,Rs 34 - 36 Lakh / Yr,0.012295082
Rs 22 - 24 Lakh / Yr,Rs 36 - 38 Lakh / Yr,0.004098361
Rs 22 - 24 Lakh / Yr,Rs 4.0 - 4.5 Lakh / Yr,0.008196721
Rs 22 - 24 Lakh / Yr,Rs 40 - 42 Lakh / Yr,0.016393443
Rs 22 - 24 Lakh / Yr,Rs 44 - 46 Lakh / Yr,0.008196721
Rs 22 - 24 Lakh / Yr,Rs 48 - 50 Lakh / Yr,0.004098361
Rs 22 - 24 Lakh / Yr,Rs 5 - 6 Lakh / Yr,0.020491803
Rs 22 - 24 Lakh / Yr,Rs 50 - 50 Lakh / Yr,0.024590164
Rs 22 - 24 Lakh / Yr,Rs 6 - 7 Lakh / Yr,0.032786885
Rs 22 - 24 Lakh / Yr,Rs 7 - 8 Lakh / Yr,0.004098361
Rs 22 - 24 Lakh / Yr,Rs 8 - 9 Lakh / Yr,0.012295082
Rs 22 - 24 Lakh / Yr,Rs 9 - 10 Lakh / Yr,0.016393443
Rs 24 - 26 Lakh / Yr,"< Rs 50,000 / Yr",0.012345679
Rs 24 - 26 Lakh / Yr,Rs 0 / Yr,0.055555556
Rs 24 - 26 Lakh / Yr,Rs 1.0 - 1.5 Lakh / Yr,0.024691358
Rs 24 - 26 Lakh / Yr,Rs 1.5 - 2.0 Lakh / Yr,0.00617284
Rs 24 - 26 Lakh / Yr,Rs 10 - 12 Lakh / Yr,0.049382716
Rs 24 - 26 Lakh / Yr,Rs 12 - 14 Lakh / Yr,0.049382716
Rs 24 - 26 Lakh / Yr,Rs 14 - 16 Lakh / Yr,0.037037037
Rs 24 - 26 Lakh / Yr,Rs 16 - 18 Lakh / Yr,0.030864198
Rs 24 - 26 Lakh / Yr,Rs 18 - 20 Lakh / Yr,0.080246914
Rs 24 - 26 Lakh / Yr,Rs 2.0 - 2.5 Lakh / Yr,0.012345679
Rs 24 - 26 Lakh / Yr,Rs 20 - 22 Lakh / Yr,0.018518519
Rs 24 - 26 Lakh / Yr,Rs 22 - 24 Lakh / Yr,0.030864198
Rs 24 - 26 Lakh / Yr,Rs 24 - 26 Lakh / Yr,0.086419753
Rs 24 - 26 Lakh / Yr,Rs 26 - 28 Lakh / Yr,0.024691358
Rs 24 - 26 Lakh / Yr,Rs 28 - 30 Lakh / Yr,0.030864198
Rs 24 - 26 Lakh / Yr,Rs 3.0 - 3.5 Lakh / Yr,0.024691358
Rs 24 - 26 Lakh / Yr,Rs 3.5 - 4.0 Lakh / Yr,0.018518519
Rs 24 - 26 Lakh / Yr,Rs 30 - 32 Lakh / Yr,0.049382716
Rs 24 - 26 Lakh / Yr,Rs 36 - 38 Lakh / Yr,0.024691358
Rs 24 - 26 Lakh / Yr,Rs 38 - 40 Lakh / Yr,0.00617284
Rs 24 - 26 Lakh / Yr,Rs 4.0 - 4.5 Lakh / Yr,0.037037037
Rs 24 - 26 Lakh / Yr,Rs 4.5 - 5.0 Lakh / Yr,0.037037037
Rs 24 - 26 Lakh / Yr,Rs 40 - 42 Lakh / Yr,0.018518519
Rs 24 - 26 Lakh / Yr,Rs 42 - 44 Lakh / Yr,0.00617284
Rs 24 - 26 Lakh / Yr,Rs 44 - 46 Lakh / Yr,0.018518519
Rs 24 - 26 Lakh / Yr,Rs 5 - 6 Lakh / Yr,0.037037037
Rs 24 - 26 Lakh / Yr,Rs 50 - 50 Lakh / Yr,0.030864198
Rs 24 - 26 Lakh / Yr,Rs 6 - 7 Lakh / Yr,0.043209877
Rs 24 - 26 Lakh / Yr,Rs 7 - 8 Lakh / Yr,0.049382716
Rs 24 - 26 Lakh / Yr,Rs 8 - 9 Lakh / Yr,0.030864198
Rs 24 - 26 Lakh / Yr,Rs 9 - 10 Lakh / Yr,0.018518519
Rs 26 - 28 Lakh / Yr,Rs 12 - 14 Lakh / Yr,0.055555556
Rs 26 - 28 Lakh / Yr,Rs 14 - 16 Lakh / Yr,0.055555556
Rs 26 - 28 Lakh / Yr,Rs 18 - 20 Lakh / Yr,0.055555556
Rs 26 - 28 Lakh / Yr,Rs 2.0 - 2.5 Lakh / Yr,0.111111111
Rs 26 - 28 Lakh / Yr,Rs 2.5 - 3.0 Lakh / Yr,0.111111111
Rs 26 - 28 Lakh / Yr,Rs 22 - 24 Lakh / Yr,0.055555556
Rs 26 - 28 Lakh / Yr,Rs 24 - 26 Lakh / Yr,0.055555556
Rs 26 - 28 Lakh / Yr,Rs 26 - 28 Lakh / Yr,0.055555556
Rs 26 - 28 Lakh / Yr,Rs 3.0 - 3.5 Lakh / Yr,0.111111111
Rs 26 - 28 Lakh / Yr,Rs 3.5 - 4.0 Lakh / Yr,0.055555556
Rs 26 - 28 Lakh / Yr,Rs 34 - 36 Lakh / Yr,0.055555556
Rs 26 - 28 Lakh / Yr,Rs 38 - 40 Lakh / Yr,0.055555556
Rs 26 - 28 Lakh / Yr,Rs 4.5 - 5.0 Lakh / Yr,0.055555556
Rs 26 - 28 Lakh / Yr,Rs 5 - 6 Lakh / Yr,0.055555556
Rs 26 - 28 Lakh / Yr,Rs 6 - 7 Lakh / Yr,0.055555556
Rs 28 - 30 Lakh / Yr,Rs 0 / Yr,0.151515152
Rs 28 - 30 Lakh / Yr,Rs 1.5 - 2.0 Lakh / Yr,0.060606061
Rs 28 - 30 Lakh / Yr,Rs 10 - 12 Lakh / Yr,0.03030303
Rs 28 - 30 Lakh / Yr,Rs 14 - 16 Lakh / Yr,0.03030303
Rs 28 - 30 Lakh / Yr,Rs 2.0 - 2.5 Lakh / Yr,0.121212121
Rs 28 - 30 Lakh / Yr,Rs 2.5 - 3.0 Lakh / Yr,0.03030303
Rs 28 - 30 Lakh / Yr,Rs 20 - 22 Lakh / Yr,0.03030303
Rs 28 - 30 Lakh / Yr,Rs 24 - 26 Lakh / Yr,0.03030303
Rs 28 - 30 Lakh / Yr,Rs 28 - 30 Lakh / Yr,0.060606061
Rs 28 - 30 Lakh / Yr,Rs 3.0 - 3.5 Lakh / Yr,0.090909091
Rs 28 - 30 Lakh / Yr,Rs 3.5 - 4.0 Lakh / Yr,0.03030303
Rs 28 - 30 Lakh / Yr,Rs 32 - 34 Lakh / Yr,0.03030303
Rs 28 - 30 Lakh / Yr,Rs 34 - 36 Lakh / Yr,0.03030303
Rs 28 - 30 Lakh / Yr,Rs 4.0 - 4.5 Lakh / Yr,0.03030303
Rs 28 - 30 Lakh / Yr,Rs 4.5 - 5.0 Lakh / Yr,0.03030303
Rs 28 - 30 Lakh / Yr,Rs 5 - 6 Lakh / Yr,0.03030303
Rs 28 - 30 Lakh / Yr,Rs 50 - 50 Lakh / Yr,0.03030303
Rs 28 - 30 Lakh / Yr,Rs 6 - 7 Lakh / Yr,0.090909091
Rs 28 - 30 Lakh / Yr,Rs 7 - 8 Lakh / Yr,0.03030303
Rs 28 - 30 Lakh / Yr,Rs 9 - 10 Lakh / Yr,0.03030303
Rs 3.0 - 3.5 Lakh / Yr,"< Rs 50,000 / Yr",0.00074528
Rs 3.0 - 3.5 Lakh / Yr,Rs 0 / Yr,0.111791984
Rs 3.0 - 3.5 Lakh / Yr,Rs 1.0 - 1.5 Lakh / Yr,0.042894998
Rs 3.0 - 3.5 Lakh / Yr,Rs 1.5 - 2.0 Lakh / Yr,0.050513415
Rs 3.0 - 3.5 Lakh / Yr,Rs 10 - 12 Lakh / Yr,0.010185492
Rs 3.0 - 3.5 Lakh / Yr,Rs 12 - 14 Lakh / Yr,0.005962239
Rs 3.0 - 3.5 Lakh / Yr,Rs 14 - 16 Lakh / Yr,0.004554488
Rs 3.0 - 3.5 Lakh / Yr,Rs 16 - 18 Lakh / Yr,0.001987413
Rs 3.0 - 3.5 Lakh / Yr,Rs 18 - 20 Lakh / Yr,0.001407751
Rs 3.0 - 3.5 Lakh / Yr,Rs 2.0 - 2.5 Lakh / Yr,0.119161974
Rs 3.0 - 3.5 Lakh / Yr,Rs 2.5 - 3.0 Lakh / Yr,0.059788009
Rs 3.0 - 3.5 Lakh / Yr,Rs 20 - 22 Lakh / Yr,0.001821795
Rs 3.0 - 3.5 Lakh / Yr,Rs 22 - 24 Lakh / Yr,0.000496853
Rs 3.0 - 3.5 Lakh / Yr,Rs 24 - 26 Lakh / Yr,0.001738986
Rs 3.0 - 3.5 Lakh / Yr,Rs 26 - 28 Lakh / Yr,0.000248427
Rs 3.0 - 3.5 Lakh / Yr,Rs 28 - 30 Lakh / Yr,0.000579662
Rs 3.0 - 3.5 Lakh / Yr,Rs 3.0 - 3.5 Lakh / Yr,0.180192117
Rs 3.0 - 3.5 Lakh / Yr,Rs 3.5 - 4.0 Lakh / Yr,0.097631666
Rs 3.0 - 3.5 Lakh / Yr,Rs 30 - 32 Lakh / Yr,0.000496853
Rs 3.0 - 3.5 Lakh / Yr,Rs 32 - 34 Lakh / Yr,0.000414044
Rs 3.0 - 3.5 Lakh / Yr,Rs 34 - 36 Lakh / Yr,0.000331236
Rs 3.0 - 3.5 Lakh / Yr,Rs 36 - 38 Lakh / Yr,0.000331236
Rs 3.0 - 3.5 Lakh / Yr,Rs 38 - 40 Lakh / Yr,0.000248427
Rs 3.0 - 3.5 Lakh / Yr,Rs 4.0 - 4.5 Lakh / Yr,0.100033124
Rs 3.0 - 3.5 Lakh / Yr,Rs 4.5 - 5.0 Lakh / Yr,0.051921166
Rs 3.0 - 3.5 Lakh / Yr,Rs 40 - 42 Lakh / Yr,8.28E-05
Rs 3.0 - 3.5 Lakh / Yr,Rs 42 - 44 Lakh / Yr,8.28E-05
Rs 3.0 - 3.5 Lakh / Yr,Rs 44 - 46 Lakh / Yr,8.28E-05
Rs 3.0 - 3.5 Lakh / Yr,Rs 48 - 50 Lakh / Yr,0.000165618
Rs 3.0 - 3.5 Lakh / Yr,Rs 5 - 6 Lakh / Yr,0.065336204
Rs 3.0 - 3.5 Lakh / Yr,Rs 50 - 50 Lakh / Yr,0.000993707
Rs 3.0 - 3.5 Lakh / Yr,"Rs 50,000 - 1 Lakh / Yr",0.003229546
Rs 3.0 - 3.5 Lakh / Yr,Rs 6 - 7 Lakh / Yr,0.04421994
Rs 3.0 - 3.5 Lakh / Yr,Rs 7 - 8 Lakh / Yr,0.018797615
Rs 3.0 - 3.5 Lakh / Yr,Rs 8 - 9 Lakh / Yr,0.012338523
Rs 3.0 - 3.5 Lakh / Yr,Rs 9 - 10 Lakh / Yr,0.009191785
Rs 3.5 - 4.0 Lakh / Yr,"< Rs 50,000 / Yr",0.000621504
Rs 3.5 - 4.0 Lakh / Yr,Rs 0 / Yr,0.078620261
Rs 3.5 - 4.0 Lakh / Yr,Rs 1.0 - 1.5 Lakh / Yr,0.021441889
Rs 3.5 - 4.0 Lakh / Yr,Rs 1.5 - 2.0 Lakh / Yr,0.044437539
Rs 3.5 - 4.0 Lakh / Yr,Rs 10 - 12 Lakh / Yr,0.012430081
Rs 3.5 - 4.0 Lakh / Yr,Rs 12 - 14 Lakh / Yr,0.006836544
Rs 3.5 - 4.0 Lakh / Yr,Rs 14 - 16 Lakh / Yr,0.002486016
Rs 3.5 - 4.0 Lakh / Yr,Rs 16 - 18 Lakh / Yr,0.000932256
Rs 3.5 - 4.0 Lakh / Yr,Rs 18 - 20 Lakh / Yr,0.000621504
Rs 3.5 - 4.0 Lakh / Yr,Rs 2.0 - 2.5 Lakh / Yr,0.107830951
Rs 3.5 - 4.0 Lakh / Yr,Rs 2.5 - 3.0 Lakh / Yr,0.053760099
Rs 3.5 - 4.0 Lakh / Yr,Rs 20 - 22 Lakh / Yr,0.001243008
Rs 3.5 - 4.0 Lakh / Yr,Rs 22 - 24 Lakh / Yr,0.000310752
Rs 3.5 - 4.0 Lakh / Yr,Rs 24 - 26 Lakh / Yr,0.001243008
Rs 3.5 - 4.0 Lakh / Yr,Rs 3.0 - 3.5 Lakh / Yr,0.115910503
Rs 3.5 - 4.0 Lakh / Yr,Rs 3.5 - 4.0 Lakh / Yr,0.114978247
Rs 3.5 - 4.0 Lakh / Yr,Rs 30 - 32 Lakh / Yr,0.000310752
Rs 3.5 - 4.0 Lakh / Yr,Rs 36 - 38 Lakh / Yr,0.000310752
Rs 3.5 - 4.0 Lakh / Yr,Rs 4.0 - 4.5 Lakh / Yr,0.111559975
Rs 3.5 - 4.0 Lakh / Yr,Rs 4.5 - 5.0 Lakh / Yr,0.065257924
Rs 3.5 - 4.0 Lakh / Yr,Rs 46 - 48 Lakh / Yr,0.000310752
Rs 3.5 - 4.0 Lakh / Yr,Rs 48 - 50 Lakh / Yr,0.000310752
Rs 3.5 - 4.0 Lakh / Yr,Rs 5 - 6 Lakh / Yr,0.110006215
Rs 3.5 - 4.0 Lakh / Yr,Rs 50 - 50 Lakh / Yr,0.000310752
Rs 3.5 - 4.0 Lakh / Yr,"Rs 50,000 - 1 Lakh / Yr",0.00155376
Rs 3.5 - 4.0 Lakh / Yr,Rs 6 - 7 Lakh / Yr,0.077066501
Rs 3.5 - 4.0 Lakh / Yr,Rs 7 - 8 Lakh / Yr,0.042883779
Rs 3.5 - 4.0 Lakh / Yr,Rs 8 - 9 Lakh / Yr,0.020198881
Rs 3.5 - 4.0 Lakh / Yr,Rs 9 - 10 Lakh / Yr,0.00621504
Rs 30 - 32 Lakh / Yr,Rs 0 / Yr,0.010204082
Rs 30 - 32 Lakh / Yr,Rs 1.5 - 2.0 Lakh / Yr,0.010204082
Rs 30 - 32 Lakh / Yr,Rs 10 - 12 Lakh / Yr,0.020408163
Rs 30 - 32 Lakh / Yr,Rs 12 - 14 Lakh / Yr,0.081632653
Rs 30 - 32 Lakh / Yr,Rs 14 - 16 Lakh / Yr,0.040816327
Rs 30 - 32 Lakh / Yr,Rs 16 - 18 Lakh / Yr,0.030612245
Rs 30 - 32 Lakh / Yr,Rs 18 - 20 Lakh / Yr,0.020408163
Rs 30 - 32 Lakh / Yr,Rs 2.0 - 2.5 Lakh / Yr,0.020408163
Rs 30 - 32 Lakh / Yr,Rs 2.5 - 3.0 Lakh / Yr,0.010204082
Rs 30 - 32 Lakh / Yr,Rs 20 - 22 Lakh / Yr,0.020408163
Rs 30 - 32 Lakh / Yr,Rs 22 - 24 Lakh / Yr,0.010204082
Rs 30 - 32 Lakh / Yr,Rs 26 - 28 Lakh / Yr,0.010204082
Rs 30 - 32 Lakh / Yr,Rs 30 - 32 Lakh / Yr,0.173469388
Rs 30 - 32 Lakh / Yr,Rs 32 - 34 Lakh / Yr,0.102040816
Rs 30 - 32 Lakh / Yr,Rs 34 - 36 Lakh / Yr,0.091836735
Rs 30 - 32 Lakh / Yr,Rs 36 - 38 Lakh / Yr,0.102040816
Rs 30 - 32 Lakh / Yr,Rs 38 - 40 Lakh / Yr,0.020408163
Rs 30 - 32 Lakh / Yr,Rs 4.5 - 5.0 Lakh / Yr,0.010204082
Rs 30 - 32 Lakh / Yr,Rs 40 - 42 Lakh / Yr,0.081632653
Rs 30 - 32 Lakh / Yr,Rs 44 - 46 Lakh / Yr,0.010204082
Rs 30 - 32 Lakh / Yr,Rs 46 - 48 Lakh / Yr,0.010204082
Rs 30 - 32 Lakh / Yr,Rs 5 - 6 Lakh / Yr,0.030612245
Rs 30 - 32 Lakh / Yr,Rs 50 - 50 Lakh / Yr,0.010204082
Rs 30 - 32 Lakh / Yr,Rs 6 - 7 Lakh / Yr,0.020408163
Rs 30 - 32 Lakh / Yr,Rs 7 - 8 Lakh / Yr,0.010204082
Rs 30 - 32 Lakh / Yr,Rs 8 - 9 Lakh / Yr,0.010204082
Rs 30 - 32 Lakh / Yr,Rs 9 - 10 Lakh / Yr,0.030612245
Rs 32 - 34 Lakh / Yr,Rs 14 - 16 Lakh / Yr,0.166666667
Rs 32 - 34 Lakh / Yr,Rs 2.5 - 3.0 Lakh / Yr,0.166666667
Rs 32 - 34 Lakh / Yr,Rs 3.0 - 3.5 Lakh / Yr,0.166666667
Rs 32 - 34 Lakh / Yr,Rs 3.5 - 4.0 Lakh / Yr,0.333333333
Rs 32 - 34 Lakh / Yr,Rs 4.0 - 4.5 Lakh / Yr,0.166666667
Rs 34 - 36 Lakh / Yr,Rs 0 / Yr,0.055555556
Rs 34 - 36 Lakh / Yr,Rs 1.5 - 2.0 Lakh / Yr,0.027777778
Rs 34 - 36 Lakh / Yr,Rs 10 - 12 Lakh / Yr,0.055555556
Rs 34 - 36 Lakh / Yr,Rs 12 - 14 Lakh / Yr,0.055555556
Rs 34 - 36 Lakh / Yr,Rs 16 - 18 Lakh / Yr,0.055555556
Rs 34 - 36 Lakh / Yr,Rs 18 - 20 Lakh / Yr,0.083333333
Rs 34 - 36 Lakh / Yr,Rs 2.0 - 2.5 Lakh / Yr,0.055555556
Rs 34 - 36 Lakh / Yr,Rs 22 - 24 Lakh / Yr,0.027777778
Rs 34 - 36 Lakh / Yr,Rs 24 - 26 Lakh / Yr,0.055555556
Rs 34 - 36 Lakh / Yr,Rs 28 - 30 Lakh / Yr,0.027777778
Rs 34 - 36 Lakh / Yr,Rs 3.0 - 3.5 Lakh / Yr,0.138888889
Rs 34 - 36 Lakh / Yr,Rs 3.5 - 4.0 Lakh / Yr,0.055555556
Rs 34 - 36 Lakh / Yr,Rs 30 - 32 Lakh / Yr,0.027777778
Rs 34 - 36 Lakh / Yr,Rs 34 - 36 Lakh / Yr,0.027777778
Rs 34 - 36 Lakh / Yr,Rs 36 - 38 Lakh / Yr,0.027777778
Rs 34 - 36 Lakh / Yr,Rs 40 - 42 Lakh / Yr,0.055555556
Rs 34 - 36 Lakh / Yr,Rs 50 - 50 Lakh / Yr,0.027777778
Rs 34 - 36 Lakh / Yr,"Rs 50,000 - 1 Lakh / Yr",0.027777778
Rs 34 - 36 Lakh / Yr,Rs 6 - 7 Lakh / Yr,0.055555556
Rs 34 - 36 Lakh / Yr,Rs 7 - 8 Lakh / Yr,0.027777778
Rs 34 - 36 Lakh / Yr,Rs 9 - 10 Lakh / Yr,0.027777778
Rs 36 - 38 Lakh / Yr,Rs 0 / Yr,0.113207547
Rs 36 - 38 Lakh / Yr,Rs 1.0 - 1.5 Lakh / Yr,0.037735849
Rs 36 - 38 Lakh / Yr,Rs 1.5 - 2.0 Lakh / Yr,0.018867925
Rs 36 - 38 Lakh / Yr,Rs 10 - 12 Lakh / Yr,0.028301887
Rs 36 - 38 Lakh / Yr,Rs 12 - 14 Lakh / Yr,0.047169811
Rs 36 - 38 Lakh / Yr,Rs 14 - 16 Lakh / Yr,0.037735849
Rs 36 - 38 Lakh / Yr,Rs 16 - 18 Lakh / Yr,0.018867925
Rs 36 - 38 Lakh / Yr,Rs 18 - 20 Lakh / Yr,0.037735849
Rs 36 - 38 Lakh / Yr,Rs 2.0 - 2.5 Lakh / Yr,0.009433962
Rs 36 - 38 Lakh / Yr,Rs 2.5 - 3.0 Lakh / Yr,0.018867925
Rs 36 - 38 Lakh / Yr,Rs 20 - 22 Lakh / Yr,0.018867925
Rs 36 - 38 Lakh / Yr,Rs 22 - 24 Lakh / Yr,0.037735849
Rs 36 - 38 Lakh / Yr,Rs 24 - 26 Lakh / Yr,0.056603774
Rs 36 - 38 Lakh / Yr,Rs 28 - 30 Lakh / Yr,0.018867925
Rs 36 - 38 Lakh / Yr,Rs 3.0 - 3.5 Lakh / Yr,0.056603774
Rs 36 - 38 Lakh / Yr,Rs 3.5 - 4.0 Lakh / Yr,0.009433962
Rs 36 - 38 Lakh / Yr,Rs 30 - 32 Lakh / Yr,0.056603774
Rs 36 - 38 Lakh / Yr,Rs 32 - 34 Lakh / Yr,0.009433962
Rs 36 - 38 Lakh / Yr,Rs 34 - 36 Lakh / Yr,0.028301887
Rs 36 - 38 Lakh / Yr,Rs 36 - 38 Lakh / Yr,0.047169811
Rs 36 - 38 Lakh / Yr,Rs 38 - 40 Lakh / Yr,0.009433962
Rs 36 - 38 Lakh / Yr,Rs 4.0 - 4.5 Lakh / Yr,0.037735849
Rs 36 - 38 Lakh / Yr,Rs 4.5 - 5.0 Lakh / Yr,0.018867925
Rs 36 - 38 Lakh / Yr,Rs 40 - 42 Lakh / Yr,0.018867925
Rs 36 - 38 Lakh / Yr,Rs 5 - 6 Lakh / Yr,0.066037736
Rs 36 - 38 Lakh / Yr,Rs 6 - 7 Lakh / Yr,0.08490566
Rs 36 - 38 Lakh / Yr,Rs 7 - 8 Lakh / Yr,0.028301887
Rs 36 - 38 Lakh / Yr,Rs 8 - 9 Lakh / Yr,0.028301887
Rs 38 - 40 Lakh / Yr,Rs 12 - 14 Lakh / Yr,0.125
Rs 38 - 40 Lakh / Yr,Rs 14 - 16 Lakh / Yr,0.125
Rs 38 - 40 Lakh / Yr,Rs 22 - 24 Lakh / Yr,0.125
Rs 38 - 40 Lakh / Yr,Rs 28 - 30 Lakh / Yr,0.125
Rs 38 - 40 Lakh / Yr,Rs 3.0 - 3.5 Lakh / Yr,0.125
Rs 38 - 40 Lakh / Yr,Rs 30 - 32 Lakh / Yr,0.125
Rs 38 - 40 Lakh / Yr,Rs 40 - 42 Lakh / Yr,0.25
Rs 4.0 - 4.5 Lakh / Yr,"< Rs 50,000 / Yr",0.000533191
Rs 4.0 - 4.5 Lakh / Yr,Rs 0 / Yr,0.089042922
Rs 4.0 - 4.5 Lakh / Yr,Rs 1.0 - 1.5 Lakh / Yr,0.024260197
Rs 4.0 - 4.5 Lakh / Yr,Rs 1.5 - 2.0 Lakh / Yr,0.022127433
Rs 4.0 - 4.5 Lakh / Yr,Rs 10 - 12 Lakh / Yr,0.023460411
Rs 4.0 - 4.5 Lakh / Yr,Rs 12 - 14 Lakh / Yr,0.016795521
Rs 4.0 - 4.5 Lakh / Yr,Rs 14 - 16 Lakh / Yr,0.006131698
Rs 4.0 - 4.5 Lakh / Yr,Rs 16 - 18 Lakh / Yr,0.00239936
Rs 4.0 - 4.5 Lakh / Yr,Rs 18 - 20 Lakh / Yr,0.003465742
Rs 4.0 - 4.5 Lakh / Yr,Rs 2.0 - 2.5 Lakh / Yr,0.084510797
Rs 4.0 - 4.5 Lakh / Yr,Rs 2.5 - 3.0 Lakh / Yr,0.047987203
Rs 4.0 - 4.5 Lakh / Yr,Rs 20 - 22 Lakh / Yr,0.00239936
Rs 4.0 - 4.5 Lakh / Yr,Rs 22 - 24 Lakh / Yr,0.000799787
Rs 4.0 - 4.5 Lakh / Yr,Rs 24 - 26 Lakh / Yr,0.001599573
Rs 4.0 - 4.5 Lakh / Yr,Rs 26 - 28 Lakh / Yr,0.000266596
Rs 4.0 - 4.5 Lakh / Yr,Rs 28 - 30 Lakh / Yr,0.000799787
Rs 4.0 - 4.5 Lakh / Yr,Rs 3.0 - 3.5 Lakh / Yr,0.102905892
Rs 4.0 - 4.5 Lakh / Yr,Rs 3.5 - 4.0 Lakh / Yr,0.067981872
Rs 4.0 - 4.5 Lakh / Yr,Rs 30 - 32 Lakh / Yr,0.000533191
Rs 4.0 - 4.5 Lakh / Yr,Rs 32 - 34 Lakh / Yr,0.000266596
Rs 4.0 - 4.5 Lakh / Yr,Rs 36 - 38 Lakh / Yr,0.000533191
Rs 4.0 - 4.5 Lakh / Yr,Rs 4.0 - 4.5 Lakh / Yr,0.11383631
Rs 4.0 - 4.5 Lakh / Yr,Rs 4.5 - 5.0 Lakh / Yr,0.064782725
Rs 4.0 - 4.5 Lakh / Yr,Rs 44 - 46 Lakh / Yr,0.000266596
Rs 4.0 - 4.5 Lakh / Yr,Rs 48 - 50 Lakh / Yr,0.000533191
Rs 4.0 - 4.5 Lakh / Yr,Rs 5 - 6 Lakh / Yr,0.124766729
Rs 4.0 - 4.5 Lakh / Yr,Rs 50 - 50 Lakh / Yr,0.000799787
Rs 4.0 - 4.5 Lakh / Yr,"Rs 50,000 - 1 Lakh / Yr",0.00239936
Rs 4.0 - 4.5 Lakh / Yr,Rs 6 - 7 Lakh / Yr,0.085577179
Rs 4.0 - 4.5 Lakh / Yr,Rs 7 - 8 Lakh / Yr,0.053852306
Rs 4.0 - 4.5 Lakh / Yr,Rs 8 - 9 Lakh / Yr,0.033857638
Rs 4.0 - 4.5 Lakh / Yr,Rs 9 - 10 Lakh / Yr,0.020527859
Rs 4.5 - 5.0 Lakh / Yr,"< Rs 50,000 / Yr",0.000472144
Rs 4.5 - 5.0 Lakh / Yr,Rs 0 / Yr,0.058545798
Rs 4.5 - 5.0 Lakh / Yr,Rs 1.0 - 1.5 Lakh / Yr,0.026440038
Rs 4.5 - 5.0 Lakh / Yr,Rs 1.5 - 2.0 Lakh / Yr,0.020774315
Rs 4.5 - 5.0 Lakh / Yr,Rs 10 - 12 Lakh / Yr,0.029745042
Rs 4.5 - 5.0 Lakh / Yr,Rs 12 - 14 Lakh / Yr,0.013692162
Rs 4.5 - 5.0 Lakh / Yr,Rs 14 - 16 Lakh / Yr,0.009442871
Rs 4.5 - 5.0 Lakh / Yr,Rs 16 - 18 Lakh / Yr,0.003305005
Rs 4.5 - 5.0 Lakh / Yr,Rs 18 - 20 Lakh / Yr,0.003777148
Rs 4.5 - 5.0 Lakh / Yr,Rs 2.0 - 2.5 Lakh / Yr,0.06279509
Rs 4.5 - 5.0 Lakh / Yr,Rs 2.5 - 3.0 Lakh / Yr,0.060434372
Rs 4.5 - 5.0 Lakh / Yr,Rs 20 - 22 Lakh / Yr,0.003305005
Rs 4.5 - 5.0 Lakh / Yr,Rs 22 - 24 Lakh / Yr,0.001416431
Rs 4.5 - 5.0 Lakh / Yr,Rs 24 - 26 Lakh / Yr,0.003305005
Rs 4.5 - 5.0 Lakh / Yr,Rs 26 - 28 Lakh / Yr,0.000472144
Rs 4.5 - 5.0 Lakh / Yr,Rs 3.0 - 3.5 Lakh / Yr,0.108593012
Rs 4.5 - 5.0 Lakh / Yr,Rs 3.5 - 4.0 Lakh / Yr,0.074126534
Rs 4.5 - 5.0 Lakh / Yr,Rs 30 - 32 Lakh / Yr,0.002360718
Rs 4.5 - 5.0 Lakh / Yr,Rs 32 - 34 Lakh / Yr,0.000944287
Rs 4.5 - 5.0 Lakh / Yr,Rs 36 - 38 Lakh / Yr,0.002360718
Rs 4.5 - 5.0 Lakh / Yr,Rs 4.0 - 4.5 Lakh / Yr,0.085457979
Rs 4.5 - 5.0 Lakh / Yr,Rs 4.5 - 5.0 Lakh / Yr,0.076015109
Rs 4.5 - 5.0 Lakh / Yr,Rs 40 - 42 Lakh / Yr,0.000472144
Rs 4.5 - 5.0 Lakh / Yr,Rs 5 - 6 Lakh / Yr,0.113314448
Rs 4.5 - 5.0 Lakh / Yr,Rs 50 - 50 Lakh / Yr,0.000944287
Rs 4.5 - 5.0 Lakh / Yr,"Rs 50,000 - 1 Lakh / Yr",0.004721435
Rs 4.5 - 5.0 Lakh / Yr,Rs 6 - 7 Lakh / Yr,0.115675165
Rs 4.5 - 5.0 Lakh / Yr,Rs 7 - 8 Lakh / Yr,0.057601511
Rs 4.5 - 5.0 Lakh / Yr,Rs 8 - 9 Lakh / Yr,0.033050047
Rs 4.5 - 5.0 Lakh / Yr,Rs 9 - 10 Lakh / Yr,0.026440038
Rs 40 - 42 Lakh / Yr,Rs 0 / Yr,0.392857143
Rs 40 - 42 Lakh / Yr,Rs 1.0 - 1.5 Lakh / Yr,0.125
Rs 40 - 42 Lakh / Yr,Rs 1.5 - 2.0 Lakh / Yr,0.017857143
Rs 40 - 42 Lakh / Yr,Rs 10 - 12 Lakh / Yr,0.017857143
Rs 40 - 42 Lakh / Yr,Rs 14 - 16 Lakh / Yr,0.053571429
Rs 40 - 42 Lakh / Yr,Rs 18 - 20 Lakh / Yr,0.017857143
Rs 40 - 42 Lakh / Yr,Rs 2.0 - 2.5 Lakh / Yr,0.089285714
Rs 40 - 42 Lakh / Yr,Rs 20 - 22 Lakh / Yr,0.017857143
Rs 40 - 42 Lakh / Yr,Rs 22 - 24 Lakh / Yr,0.017857143
Rs 40 - 42 Lakh / Yr,Rs 24 - 26 Lakh / Yr,0.017857143
Rs 40 - 42 Lakh / Yr,Rs 3.0 - 3.5 Lakh / Yr,0.017857143
Rs 40 - 42 Lakh / Yr,Rs 3.5 - 4.0 Lakh / Yr,0.017857143
Rs 40 - 42 Lakh / Yr,Rs 30 - 32 Lakh / Yr,0.017857143
Rs 40 - 42 Lakh / Yr,Rs 34 - 36 Lakh / Yr,0.035714286
Rs 40 - 42 Lakh / Yr,Rs 36 - 38 Lakh / Yr,0.017857143
Rs 40 - 42 Lakh / Yr,Rs 4.0 - 4.5 Lakh / Yr,0.017857143
Rs 40 - 42 Lakh / Yr,Rs 4.5 - 5.0 Lakh / Yr,0.017857143
Rs 40 - 42 Lakh / Yr,Rs 40 - 42 Lakh / Yr,0.035714286
Rs 40 - 42 Lakh / Yr,Rs 5 - 6 Lakh / Yr,0.035714286
Rs 40 - 42 Lakh / Yr,"Rs 50,000 - 1 Lakh / Yr",0.017857143
Rs 44 - 46 Lakh / Yr,Rs 26 - 28 Lakh / Yr,1
Rs 46 - 48 Lakh / Yr,Rs 12 - 14 Lakh / Yr,0.5
Rs 46 - 48 Lakh / Yr,Rs 22 - 24 Lakh / Yr,0.5
Rs 48 - 50 Lakh / Yr,Rs 12 - 14 Lakh / Yr,0.142857143
Rs 48 - 50 Lakh / Yr,Rs 30 - 32 Lakh / Yr,0.142857143
Rs 48 - 50 Lakh / Yr,Rs 5 - 6 Lakh / Yr,0.142857143
Rs 48 - 50 Lakh / Yr,Rs 6 - 7 Lakh / Yr,0.285714286
Rs 48 - 50 Lakh / Yr,Rs 8 - 9 Lakh / Yr,0.285714286
Rs 5 - 6 Lakh / Yr,"< Rs 50,000 / Yr",0.000381243
Rs 5 - 6 Lakh / Yr,Rs 0 / Yr,0.065955013
Rs 5 - 6 Lakh / Yr,Rs 1.0 - 1.5 Lakh / Yr,0.020968357
Rs 5 - 6 Lakh / Yr,Rs 1.5 - 2.0 Lakh / Yr,0.016393443
Rs 5 - 6 Lakh / Yr,Rs 10 - 12 Lakh / Yr,0.040030499
Rs 5 - 6 Lakh / Yr,Rs 12 - 14 Lakh / Yr,0.020968357
Rs 5 - 6 Lakh / Yr,Rs 14 - 16 Lakh / Yr,0.014868471
Rs 5 - 6 Lakh / Yr,Rs 16 - 18 Lakh / Yr,0.006862371
Rs 5 - 6 Lakh / Yr,Rs 18 - 20 Lakh / Yr,0.001143729
Rs 5 - 6 Lakh / Yr,Rs 2.0 - 2.5 Lakh / Yr,0.064811285
Rs 5 - 6 Lakh / Yr,Rs 2.5 - 3.0 Lakh / Yr,0.036599314
Rs 5 - 6 Lakh / Yr,Rs 20 - 22 Lakh / Yr,0.003431186
Rs 5 - 6 Lakh / Yr,Rs 22 - 24 Lakh / Yr,0.001906214
Rs 5 - 6 Lakh / Yr,Rs 24 - 26 Lakh / Yr,0.001906214
Rs 5 - 6 Lakh / Yr,Rs 26 - 28 Lakh / Yr,0.001524971
Rs 5 - 6 Lakh / Yr,Rs 28 - 30 Lakh / Yr,0.001524971
Rs 5 - 6 Lakh / Yr,Rs 3.0 - 3.5 Lakh / Yr,0.105223027
Rs 5 - 6 Lakh / Yr,Rs 3.5 - 4.0 Lakh / Yr,0.057186428
Rs 5 - 6 Lakh / Yr,Rs 30 - 32 Lakh / Yr,0.000381243
Rs 5 - 6 Lakh / Yr,Rs 34 - 36 Lakh / Yr,0.000381243
Rs 5 - 6 Lakh / Yr,Rs 36 - 38 Lakh / Yr,0.000762486
Rs 5 - 6 Lakh / Yr,Rs 4.0 - 4.5 Lakh / Yr,0.07624857
Rs 5 - 6 Lakh / Yr,Rs 4.5 - 5.0 Lakh / Yr,0.048036599
Rs 5 - 6 Lakh / Yr,Rs 40 - 42 Lakh / Yr,0.000381243
Rs 5 - 6 Lakh / Yr,Rs 42 - 44 Lakh / Yr,0.000381243
Rs 5 - 6 Lakh / Yr,Rs 44 - 46 Lakh / Yr,0.000381243
Rs 5 - 6 Lakh / Yr,Rs 46 - 48 Lakh / Yr,0.000381243
Rs 5 - 6 Lakh / Yr,Rs 5 - 6 Lakh / Yr,0.150972169
Rs 5 - 6 Lakh / Yr,Rs 50 - 50 Lakh / Yr,0.001524971
Rs 5 - 6 Lakh / Yr,"Rs 50,000 - 1 Lakh / Yr",0.002287457
Rs 5 - 6 Lakh / Yr,Rs 6 - 7 Lakh / Yr,0.112847884
Rs 5 - 6 Lakh / Yr,Rs 7 - 8 Lakh / Yr,0.060236371
Rs 5 - 6 Lakh / Yr,Rs 8 - 9 Lakh / Yr,0.048799085
Rs 5 - 6 Lakh / Yr,Rs 9 - 10 Lakh / Yr,0.034311857
Rs 50 - 50 Lakh / Yr,Rs 1.5 - 2.0 Lakh / Yr,0.166666667
Rs 50 - 50 Lakh / Yr,Rs 10 - 12 Lakh / Yr,0.166666667
Rs 50 - 50 Lakh / Yr,Rs 3.5 - 4.0 Lakh / Yr,0.166666667
Rs 50 - 50 Lakh / Yr,Rs 44 - 46 Lakh / Yr,0.166666667
Rs 50 - 50 Lakh / Yr,Rs 50 - 50 Lakh / Yr,0.166666667
Rs 50 - 50 Lakh / Yr,Rs 7 - 8 Lakh / Yr,0.166666667
"Rs 50,000 - 1 Lakh / Yr","< Rs 50,000 / Yr",0.001429209
"Rs 50,000 - 1 Lakh / Yr",Rs 0 / Yr,0.277355962
"Rs 50,000 - 1 Lakh / Yr",Rs 1.0 - 1.5 Lakh / Yr,0.162572577
"Rs 50,000 - 1 Lakh / Yr",Rs 1.5 - 2.0 Lakh / Yr,0.141313086
"Rs 50,000 - 1 Lakh / Yr",Rs 10 - 12 Lakh / Yr,0.003573024
"Rs 50,000 - 1 Lakh / Yr",Rs 12 - 14 Lakh / Yr,0.002769093
"Rs 50,000 - 1 Lakh / Yr",Rs 14 - 16 Lakh / Yr,0.002769093
"Rs 50,000 - 1 Lakh / Yr",Rs 16 - 18 Lakh / Yr,0.001071907
"Rs 50,000 - 1 Lakh / Yr",Rs 18 - 20 Lakh / Yr,0.000446628
"Rs 50,000 - 1 Lakh / Yr",Rs 2.0 - 2.5 Lakh / Yr,0.188209022
"Rs 50,000 - 1 Lakh / Yr",Rs 2.5 - 3.0 Lakh / Yr,0.051362215
"Rs 50,000 - 1 Lakh / Yr",Rs 20 - 22 Lakh / Yr,0.000267977
"Rs 50,000 - 1 Lakh / Yr",Rs 22 - 24 Lakh / Yr,0.000267977
"Rs 50,000 - 1 Lakh / Yr",Rs 24 - 26 Lakh / Yr,0.000267977
"Rs 50,000 - 1 Lakh / Yr",Rs 26 - 28 Lakh / Yr,0.000267977
"Rs 50,000 - 1 Lakh / Yr",Rs 3.0 - 3.5 Lakh / Yr,0.065386333
"Rs 50,000 - 1 Lakh / Yr",Rs 3.5 - 4.0 Lakh / Yr,0.020276909
"Rs 50,000 - 1 Lakh / Yr",Rs 30 - 32 Lakh / Yr,0.000357302
"Rs 50,000 - 1 Lakh / Yr",Rs 34 - 36 Lakh / Yr,8.93E-05
"Rs 50,000 - 1 Lakh / Yr",Rs 36 - 38 Lakh / Yr,8.93E-05
"Rs 50,000 - 1 Lakh / Yr",Rs 4.0 - 4.5 Lakh / Yr,0.017597142
"Rs 50,000 - 1 Lakh / Yr",Rs 4.5 - 5.0 Lakh / Yr,0.006342117
"Rs 50,000 - 1 Lakh / Yr",Rs 40 - 42 Lakh / Yr,0.000178651
"Rs 50,000 - 1 Lakh / Yr",Rs 5 - 6 Lakh / Yr,0.010897722
"Rs 50,000 - 1 Lakh / Yr",Rs 50 - 50 Lakh / Yr,0.000267977
"Rs 50,000 - 1 Lakh / Yr","Rs 50,000 - 1 Lakh / Yr",0.028584189
"Rs 50,000 - 1 Lakh / Yr",Rs 6 - 7 Lakh / Yr,0.008217954
"Rs 50,000 - 1 Lakh / Yr",Rs 7 - 8 Lakh / Yr,0.004287628
"Rs 50,000 - 1 Lakh / Yr",Rs 8 - 9 Lakh / Yr,0.002411791
"Rs 50,000 - 1 Lakh / Yr",Rs 9 - 10 Lakh / Yr,0.001071907
Rs 6 - 7 Lakh / Yr,Rs 0 / Yr,0.057533261
Rs 6 - 7 Lakh / Yr,Rs 1.0 - 1.5 Lakh / Yr,0.022294139
Rs 6 - 7 Lakh / Yr,Rs 1.5 - 2.0 Lakh / Yr,0.01869831
Rs 6 - 7 Lakh / Yr,Rs 10 - 12 Lakh / Yr,0.057533261
Rs 6 - 7 Lakh / Yr,Rs 12 - 14 Lakh / Yr,0.042071197
Rs 6 - 7 Lakh / Yr,Rs 14 - 16 Lakh / Yr,0.024092053
Rs 6 - 7 Lakh / Yr,Rs 16 - 18 Lakh / Yr,0.012585401
Rs 6 - 7 Lakh / Yr,Rs 18 - 20 Lakh / Yr,0.013304567
Rs 6 - 7 Lakh / Yr,Rs 2.0 - 2.5 Lakh / Yr,0.052858684
Rs 6 - 7 Lakh / Yr,Rs 2.5 - 3.0 Lakh / Yr,0.032002877
Rs 6 - 7 Lakh / Yr,Rs 20 - 22 Lakh / Yr,0.003236246
Rs 6 - 7 Lakh / Yr,Rs 22 - 24 Lakh / Yr,0.001438332
Rs 6 - 7 Lakh / Yr,Rs 24 - 26 Lakh / Yr,0.005393743
Rs 6 - 7 Lakh / Yr,Rs 26 - 28 Lakh / Yr,0.000359583
Rs 6 - 7 Lakh / Yr,Rs 28 - 30 Lakh / Yr,0.001078749
Rs 6 - 7 Lakh / Yr,Rs 3.0 - 3.5 Lakh / Yr,0.061848256
Rs 6 - 7 Lakh / Yr,Rs 3.5 - 4.0 Lakh / Yr,0.050341604
Rs 6 - 7 Lakh / Yr,Rs 30 - 32 Lakh / Yr,0.001438332
Rs 6 - 7 Lakh / Yr,Rs 34 - 36 Lakh / Yr,0.000359583
Rs 6 - 7 Lakh / Yr,Rs 36 - 38 Lakh / Yr,0.000719166
Rs 6 - 7 Lakh / Yr,Rs 4.0 - 4.5 Lakh / Yr,0.073354908
Rs 6 - 7 Lakh / Yr,Rs 4.5 - 5.0 Lakh / Yr,0.048903272
Rs 6 - 7 Lakh / Yr,Rs 40 - 42 Lakh / Yr,0.001438332
Rs 6 - 7 Lakh / Yr,Rs 44 - 46 Lakh / Yr,0.000359583
Rs 6 - 7 Lakh / Yr,Rs 5 - 6 Lakh / Yr,0.088097807
Rs 6 - 7 Lakh / Yr,Rs 50 - 50 Lakh / Yr,0.004674577
Rs 6 - 7 Lakh / Yr,"Rs 50,000 - 1 Lakh / Yr",0.003595829
Rs 6 - 7 Lakh / Yr,Rs 6 - 7 Lakh / Yr,0.12837109
Rs 6 - 7 Lakh / Yr,Rs 7 - 8 Lakh / Yr,0.09097447
Rs 6 - 7 Lakh / Yr,Rs 8 - 9 Lakh / Yr,0.06112909
Rs 6 - 7 Lakh / Yr,Rs 9 - 10 Lakh / Yr,0.0399137
Rs 7 - 8 Lakh / Yr,Rs 0 / Yr,0.068763716
Rs 7 - 8 Lakh / Yr,Rs 1.0 - 1.5 Lakh / Yr,0.018288222
Rs 7 - 8 Lakh / Yr,Rs 1.5 - 2.0 Lakh / Yr,0.008778347
Rs 7 - 8 Lakh / Yr,Rs 10 - 12 Lakh / Yr,0.07315289
Rs 7 - 8 Lakh / Yr,Rs 12 - 14 Lakh / Yr,0.057059254
Rs 7 - 8 Lakh / Yr,Rs 14 - 16 Lakh / Yr,0.0329188
Rs 7 - 8 Lakh / Yr,Rs 16 - 18 Lakh / Yr,0.020482809
Rs 7 - 8 Lakh / Yr,Rs 18 - 20 Lakh / Yr,0.014630578
Rs 7 - 8 Lakh / Yr,Rs 2.0 - 2.5 Lakh / Yr,0.027066569
Rs 7 - 8 Lakh / Yr,Rs 2.5 - 3.0 Lakh / Yr,0.018288222
Rs 7 - 8 Lakh / Yr,Rs 20 - 22 Lakh / Yr,0.016825165
Rs 7 - 8 Lakh / Yr,Rs 22 - 24 Lakh / Yr,0.004389173
Rs 7 - 8 Lakh / Yr,Rs 24 - 26 Lakh / Yr,0.014630578
Rs 7 - 8 Lakh / Yr,Rs 26 - 28 Lakh / Yr,0.001463058
Rs 7 - 8 Lakh / Yr,Rs 28 - 30 Lakh / Yr,0.002194587
Rs 7 - 8 Lakh / Yr,Rs 3.0 - 3.5 Lakh / Yr,0.035844916
Rs 7 - 8 Lakh / Yr,Rs 3.5 - 4.0 Lakh / Yr,0.0329188
Rs 7 - 8 Lakh / Yr,Rs 30 - 32 Lakh / Yr,0.005120702
Rs 7 - 8 Lakh / Yr,Rs 32 - 34 Lakh / Yr,0.001463058
Rs 7 - 8 Lakh / Yr,Rs 34 - 36 Lakh / Yr,0.000731529
Rs 7 - 8 Lakh / Yr,Rs 36 - 38 Lakh / Yr,0.000731529
Rs 7 - 8 Lakh / Yr,Rs 4.0 - 4.5 Lakh / Yr,0.067300658
Rs 7 - 8 Lakh / Yr,Rs 4.5 - 5.0 Lakh / Yr,0.035113387
Rs 7 - 8 Lakh / Yr,Rs 40 - 42 Lakh / Yr,0.002194587
Rs 7 - 8 Lakh / Yr,Rs 44 - 46 Lakh / Yr,0.000731529
Rs 7 - 8 Lakh / Yr,Rs 48 - 50 Lakh / Yr,0.002194587
Rs 7 - 8 Lakh / Yr,Rs 5 - 6 Lakh / Yr,0.064374543
Rs 7 - 8 Lakh / Yr,Rs 50 - 50 Lakh / Yr,0.011704462
Rs 7 - 8 Lakh / Yr,"Rs 50,000 - 1 Lakh / Yr",0.000731529
Rs 7 - 8 Lakh / Yr,Rs 6 - 7 Lakh / Yr,0.101682516
Rs 7 - 8 Lakh / Yr,Rs 7 - 8 Lakh / Yr,0.120702268
Rs 7 - 8 Lakh / Yr,Rs 8 - 9 Lakh / Yr,0.07973665
Rs 7 - 8 Lakh / Yr,Rs 9 - 10 Lakh / Yr,0.057790783
Rs 8 - 9 Lakh / Yr,Rs 0 / Yr,0.052228412
Rs 8 - 9 Lakh / Yr,Rs 1.0 - 1.5 Lakh / Yr,0.01183844
Rs 8 - 9 Lakh / Yr,Rs 1.5 - 2.0 Lakh / Yr,0.012534819
Rs 8 - 9 Lakh / Yr,Rs 10 - 12 Lakh / Yr,0.114206128
Rs 8 - 9 Lakh / Yr,Rs 12 - 14 Lakh / Yr,0.071727019
Rs 8 - 9 Lakh / Yr,Rs 14 - 16 Lakh / Yr,0.052228412
Rs 8 - 9 Lakh / Yr,Rs 16 - 18 Lakh / Yr,0.029247911
Rs 8 - 9 Lakh / Yr,Rs 18 - 20 Lakh / Yr,0.026462396
Rs 8 - 9 Lakh / Yr,Rs 2.0 - 2.5 Lakh / Yr,0.02367688
Rs 8 - 9 Lakh / Yr,Rs 2.5 - 3.0 Lakh / Yr,0.016016713
Rs 8 - 9 Lakh / Yr,Rs 20 - 22 Lakh / Yr,0.016713092
Rs 8 - 9 Lakh / Yr,Rs 22 - 24 Lakh / Yr,0.006963788
Rs 8 - 9 Lakh / Yr,Rs 24 - 26 Lakh / Yr,0.017409471
Rs 8 - 9 Lakh / Yr,Rs 26 - 28 Lakh / Yr,0.002089136
Rs 8 - 9 Lakh / Yr,Rs 28 - 30 Lakh / Yr,0.003481894
Rs 8 - 9 Lakh / Yr,Rs 3.0 - 3.5 Lakh / Yr,0.037604457
Rs 8 - 9 Lakh / Yr,Rs 3.5 - 4.0 Lakh / Yr,0.027158774
Rs 8 - 9 Lakh / Yr,Rs 30 - 32 Lakh / Yr,0.01183844
Rs 8 - 9 Lakh / Yr,Rs 32 - 34 Lakh / Yr,0.003481894
Rs 8 - 9 Lakh / Yr,Rs 34 - 36 Lakh / Yr,0.000696379
Rs 8 - 9 Lakh / Yr,Rs 36 - 38 Lakh / Yr,0.004178273
Rs 8 - 9 Lakh / Yr,Rs 38 - 40 Lakh / Yr,0.000696379
Rs 8 - 9 Lakh / Yr,Rs 4.0 - 4.5 Lakh / Yr,0.039693593
Rs 8 - 9 Lakh / Yr,Rs 4.5 - 5.0 Lakh / Yr,0.036908078
Rs 8 - 9 Lakh / Yr,Rs 40 - 42 Lakh / Yr,0.001392758
Rs 8 - 9 Lakh / Yr,Rs 42 - 44 Lakh / Yr,0.001392758
Rs 8 - 9 Lakh / Yr,Rs 44 - 46 Lakh / Yr,0.001392758
Rs 8 - 9 Lakh / Yr,Rs 48 - 50 Lakh / Yr,0.000696379
Rs 8 - 9 Lakh / Yr,Rs 5 - 6 Lakh / Yr,0.076601671
Rs 8 - 9 Lakh / Yr,Rs 50 - 50 Lakh / Yr,0.007660167
Rs 8 - 9 Lakh / Yr,"Rs 50,000 - 1 Lakh / Yr",0.002089136
Rs 8 - 9 Lakh / Yr,Rs 6 - 7 Lakh / Yr,0.086350975
Rs 8 - 9 Lakh / Yr,Rs 7 - 8 Lakh / Yr,0.057799443
Rs 8 - 9 Lakh / Yr,Rs 75 Lakh - 1 Crore / Yr,0.001392758
Rs 8 - 9 Lakh / Yr,Rs 8 - 9 Lakh / Yr,0.07729805
Rs 8 - 9 Lakh / Yr,Rs 9 - 10 Lakh / Yr,0.066852368
Rs 9 - 10 Lakh / Yr,"< Rs 50,000 / Yr",0.00248139
Rs 9 - 10 Lakh / Yr,Rs 0 / Yr,0.076923077
Rs 9 - 10 Lakh / Yr,Rs 1.0 - 1.5 Lakh / Yr,0.014888337
Rs 9 - 10 Lakh / Yr,Rs 1.5 - 2.0 Lakh / Yr,0.017369727
Rs 9 - 10 Lakh / Yr,Rs 10 - 12 Lakh / Yr,0.094292804
Rs 9 - 10 Lakh / Yr,Rs 12 - 14 Lakh / Yr,0.094292804
Rs 9 - 10 Lakh / Yr,Rs 14 - 16 Lakh / Yr,0.05707196
Rs 9 - 10 Lakh / Yr,Rs 16 - 18 Lakh / Yr,0.017369727
Rs 9 - 10 Lakh / Yr,Rs 18 - 20 Lakh / Yr,0.027295285
Rs 9 - 10 Lakh / Yr,Rs 2.0 - 2.5 Lakh / Yr,0.037220844
Rs 9 - 10 Lakh / Yr,Rs 2.5 - 3.0 Lakh / Yr,0.022332506
Rs 9 - 10 Lakh / Yr,Rs 20 - 22 Lakh / Yr,0.009925558
Rs 9 - 10 Lakh / Yr,Rs 22 - 24 Lakh / Yr,0.004962779
Rs 9 - 10 Lakh / Yr,Rs 24 - 26 Lakh / Yr,0.017369727
Rs 9 - 10 Lakh / Yr,Rs 26 - 28 Lakh / Yr,0.009925558
Rs 9 - 10 Lakh / Yr,Rs 28 - 30 Lakh / Yr,0.00248139
Rs 9 - 10 Lakh / Yr,Rs 3.0 - 3.5 Lakh / Yr,0.042183623
Rs 9 - 10 Lakh / Yr,Rs 3.5 - 4.0 Lakh / Yr,0.032258065
Rs 9 - 10 Lakh / Yr,Rs 30 - 32 Lakh / Yr,0.00248139
Rs 9 - 10 Lakh / Yr,Rs 34 - 36 Lakh / Yr,0.00248139
Rs 9 - 10 Lakh / Yr,Rs 36 - 38 Lakh / Yr,0.00248139
Rs 9 - 10 Lakh / Yr,Rs 4.0 - 4.5 Lakh / Yr,0.042183623
Rs 9 - 10 Lakh / Yr,Rs 4.5 - 5.0 Lakh / Yr,0.022332506
Rs 9 - 10 Lakh / Yr,Rs 48 - 50 Lakh / Yr,0.00248139
Rs 9 - 10 Lakh / Yr,Rs 5 - 6 Lakh / Yr,0.044665012
Rs 9 - 10 Lakh / Yr,Rs 50 - 50 Lakh / Yr,0.00248139
Rs 9 - 10 Lakh / Yr,"Rs 50,000 - 1 Lakh / Yr",0.00248139
Rs 9 - 10 Lakh / Yr,Rs 6 - 7 Lakh / Yr,0.064516129
Rs 9 - 10 Lakh / Yr,Rs 7 - 8 Lakh / Yr,0.081885856
Rs 9 - 10 Lakh / Yr,Rs 8 - 9 Lakh / Yr,0.076923077
Rs 9 - 10 Lakh / Yr,Rs 9 - 10 Lakh / Yr,0.071960298
